<?xml version="1.0" encoding="UTF-8"?>
<!DOCTYPE document PUBLIC "-//APACHE//DTD Documentation V1.1//EN" "document-v11.dtd">
<document>
   <header>
      <title>title x</title>
<!--
      <authors>
         <person name="Nicola Ken Barozzi" email="nicolaken@apache.org" />
      </authors>

      <notice>This document is a WIP.</notice>

      <abstract>Apache Incubator introduction.</abstract>
-->
   </header>

   <body><section>
!Example heading
  
!!bold and italics stuff
Here's some __bold text__ and now "some italic text I hope ". Not
sure about italics though.

!!bullets
* first bulleted item
* second bulleted item

!!numbered lists
# number list point 1
## is that 1.1?
### is that 1.1.1?
# this is point 2
# and point 3

We _love_ horizontal rules [1]
------------
Brought to you by [http://www.perdu.com].
</section>
   </body>
</document>

