<?xml version="1.0" encoding="iso-8859-1"?>
<samples xmlns:xlink="http://www.w3.org/1999/xlink">

 <group name="Main examples page.">
  <sample name="Back" href="..">to Cocoon examples main page</sample>
 </group>

 <group name="Mathexp example">
  <sample name="Mathexp" href="mathexp.html">This example demonstrate how parser can be use to
   parse input text, like mathematical expressions.</sample>
 </group>

 <group name="Wiki example">
  <sample name="Wiki" href="wiki.html">In this example the parser were used to build an online editor,
   which based on the very popular syntax of Wiki.</sample>
 </group>

 <group name="Syntax highlighting example">
  <sample name="Example 1" href="java1.html">The parser also be used to colorize
   some source code. (Need once 2-3min, for the parser table generation process)
  </sample>

  <sample name="Example 2" href="java2.html">Another example.
  </sample>
 </group>

</samples>

